"abon_id";"zile";"blocat";"blocat_date"
1;1;0;"2017-05-31 18:32:00"
2;1;0;"2017-05-31 18:32:00"
3;1;0;"2017-05-31 18:32:00"
4;1;0;"2017-05-31 18:32:00"
5;1;0;"2017-05-31 18:32:00"
6;1;0;"2017-05-31 18:32:00"
7;1;0;"2017-05-31 18:32:00"
8;1;0;"2017-05-31 18:32:00"
9;1;0;"2017-05-31 18:32:00"
31;1;0;"2017-05-31 18:32:00"
32;1;0;"2017-05-31 18:32:00"
33;1;0;"2017-05-31 18:32:00"
34;1;0;"2017-05-31 18:32:00"
35;1;0;"2017-05-31 18:32:00"
36;1;0;"2017-05-31 18:32:00"
37;1;0;"2017-05-31 18:32:00"
38;1;0;"2017-05-31 18:32:00"
39;1;0;"2017-05-31 18:32:00"
40;1;0;"2017-05-31 18:32:00"
41;1;0;"2017-05-31 18:32:00"
42;1;0;"2017-05-31 18:32:00"
43;1;0;"2017-05-31 18:32:00"
44;1;0;"2017-05-31 18:32:00"
45;1;0;"2017-05-31 18:32:00"
46;1;0;"2017-05-31 18:32:00"
47;1;0;"2017-05-31 18:32:00"
48;1;0;"2017-05-31 18:32:00"
49;1;0;"2017-05-31 18:32:00"
50;30;0;"2017-05-31 18:32:00"
51;30;0;"2017-05-31 18:32:00"
52;30;0;"2017-05-31 18:32:00"
53;30;0;"2017-05-31 18:32:00"
54;30;0;"2017-05-31 18:32:00"
55;30;0;"2017-05-31 18:32:00"
56;30;0;"2017-05-31 18:32:00"
57;30;0;"2017-05-31 18:32:00"
58;30;0;"2017-05-31 18:32:00"
59;30;0;"2017-05-31 18:32:00"
60;30;0;"2017-05-31 18:32:00"
61;30;0;"2017-05-31 18:32:00"
62;30;0;"2017-05-31 18:32:00"
63;30;0;"2017-05-31 18:32:00"
64;30;0;"2017-05-31 18:32:00"
65;30;0;"2017-05-31 18:32:00"
66;30;0;"2017-05-31 18:32:00"
67;30;0;"2017-05-31 18:32:00"
68;30;0;"2017-05-31 18:32:00"
69;30;0;"2017-05-31 18:32:00"
70;30;0;"2017-05-31 18:32:00"
71;30;0;"2017-05-31 18:32:00"
72;30;0;"2017-05-31 18:32:00"
73;30;0;"2017-05-31 18:32:00"
74;30;0;"2017-05-31 18:32:00"
75;30;0;"2017-05-31 18:32:00"
76;30;0;"2017-05-31 18:32:00"
77;30;0;"2017-05-31 18:32:00"
78;30;0;"2017-05-31 18:32:00"
79;30;0;"2017-05-31 18:32:00"
80;30;0;"2017-05-31 18:32:00"
81;30;0;"2017-05-31 18:32:00"
82;30;0;"2017-05-31 18:32:00"
83;30;0;"2017-05-31 18:32:00"
84;30;0;"2017-05-31 18:32:00"
85;30;0;"2017-05-31 18:32:00"
86;30;0;"2017-05-31 18:32:00"
87;30;0;"2017-05-31 18:32:00"
88;30;0;"2017-05-31 18:32:00"
89;30;0;"2017-05-31 18:32:00"
90;30;0;"2017-05-31 18:32:00"
91;30;0;"2017-05-31 18:32:00"
92;30;0;"2017-05-31 18:32:00"
93;30;0;"2017-05-31 18:32:00"
94;30;0;"2017-05-31 18:32:00"
95;30;0;"2017-05-31 18:32:00"
96;30;0;"2017-05-31 18:32:00"
97;30;0;"2017-05-31 18:32:00"
98;30;0;"2017-05-31 18:32:00"
99;30;0;"2017-05-31 18:32:00"
100;30;0;"2017-05-31 18:32:00"
101;30;0;"2017-05-31 18:32:00"
201;1;0;"2017-05-31 18:32:00"
202;1;0;"2017-05-31 18:32:00"
203;1;0;"2017-05-31 18:32:00"
204;1;0;"2017-05-31 18:32:00"
205;1;0;"2017-05-31 18:32:00"
206;1;0;"2017-05-31 18:32:00"
207;1;0;"2017-05-31 18:32:00"
208;1;0;"2017-05-31 18:32:00"
209;1;0;"2017-05-31 18:32:00"
210;1;0;"2017-05-31 18:32:00"
16001;30;0;"2017-05-31 18:32:00"
16002;30;0;"2017-05-31 18:32:00"
16003;30;0;"2017-05-31 18:32:00"
16004;30;0;"2017-05-31 18:32:00"
16005;30;0;"2017-05-31 18:32:00"
16006;30;0;"2017-05-31 18:32:00"
16007;30;0;"2017-05-31 18:32:00"
16008;30;0;"2017-05-31 18:32:00"
16009;30;0;"2017-05-31 18:32:00"
16010;30;0;"2017-05-31 18:32:00"
16011;30;0;"2017-05-31 18:32:00"
16012;30;0;"2017-05-31 18:32:00"
16013;30;0;"2017-05-31 18:32:00"
16014;30;0;"2017-05-31 18:32:00"
16015;30;0;"2017-05-31 18:32:00"
16016;30;0;"2017-05-31 18:32:00"
16017;30;0;"2017-05-31 18:32:00"
16018;30;0;"2017-05-31 18:32:00"
16019;30;0;"2017-05-31 18:32:00"
16020;30;0;"2017-05-31 18:32:00"
16021;30;0;"2017-05-31 18:32:00"
16022;30;0;"2017-05-31 18:32:00"
16023;30;0;"2017-05-31 18:32:00"
16024;30;0;"2017-05-31 18:32:00"
16025;30;0;"2017-05-31 18:32:00"
16026;30;0;"2017-05-31 18:32:00"
16027;30;0;"2017-05-31 18:32:00"
16028;30;0;"2017-05-31 18:32:00"
16029;30;0;"2017-05-31 18:32:00"
16030;30;0;"2017-05-31 18:32:00"
16031;30;0;"2017-05-31 18:32:00"
16032;30;0;"2017-05-31 18:32:00"
16033;30;0;"2017-05-31 18:32:00"
16034;30;0;"2017-05-31 18:32:00"
16035;30;0;"2017-05-31 18:32:00"
16036;30;0;"2017-05-31 18:32:00"
16037;30;0;"2017-05-31 18:32:00"
16038;30;0;"2017-05-31 18:32:00"
16039;30;0;"2017-05-31 18:32:00"
16040;30;0;"2017-05-31 18:32:00"
16041;30;0;"2017-05-31 18:32:00"
16042;30;0;"2017-05-31 18:32:00"
16043;30;0;"2017-05-31 18:32:00"
16044;30;0;"2017-05-31 18:32:00"
16045;30;0;"2017-05-31 18:32:00"
16046;30;0;"2017-05-31 18:32:00"
16047;30;0;"2017-05-31 18:32:00"
16048;30;0;"2017-05-31 18:32:00"
16049;30;0;"2017-05-31 18:32:00"
16050;30;0;"2017-05-31 18:32:00"
16051;30;0;"2017-05-31 18:32:00"
16052;30;0;"2017-05-31 18:32:00"
16053;30;0;"2017-05-31 18:32:00"
16054;30;0;"2017-05-31 18:32:00"
16055;30;0;"2017-05-31 18:32:00"
16056;30;0;"2017-05-31 18:32:00"
16057;30;0;"2017-05-31 18:32:00"
16058;30;0;"2017-05-31 18:32:00"
16059;30;0;"2017-05-31 18:32:00"
16060;30;0;"2017-05-31 18:32:00"
16061;30;0;"2017-05-31 18:32:00"
16062;30;0;"2017-05-31 18:32:00"
16063;30;0;"2017-05-31 18:32:00"
16064;30;0;"2017-05-31 18:32:00"
16065;30;0;"2017-05-31 18:32:00"
16066;30;0;"2017-05-31 18:32:00"
16067;30;0;"2017-05-31 18:32:00"
16068;30;0;"2017-05-31 18:32:00"
16069;30;0;"2017-05-31 18:32:00"
16070;30;0;"2017-05-31 18:32:00"
16071;30;0;"2017-05-31 18:32:00"
16072;30;0;"2017-05-31 18:32:00"
16073;30;0;"2017-05-31 18:32:00"
16074;30;0;"2017-05-31 18:32:00"
16075;30;0;"2017-05-31 18:32:00"
16076;30;0;"2017-05-31 18:32:00"
16077;30;0;"2017-05-31 18:32:00"
16078;30;0;"2017-05-31 18:32:00"
16079;30;0;"2017-05-31 18:32:00"
16080;30;0;"2017-05-31 18:32:00"
16081;30;0;"2017-05-31 18:32:00"
16082;30;0;"2017-05-31 18:32:00"
16083;30;0;"2017-05-31 18:32:00"
16084;30;0;"2017-05-31 18:32:00"
16085;30;0;"2017-05-31 18:32:00"
16086;30;0;"2017-05-31 18:32:00"
16087;30;0;"2017-05-31 18:32:00"
16088;30;0;"2017-05-31 18:32:00"
16089;30;0;"2017-05-31 18:32:00"
16090;30;0;"2017-05-31 18:32:00"
16091;30;0;"2017-05-31 18:32:00"
16092;30;0;"2017-05-31 18:32:00"
16093;30;0;"2017-05-31 18:32:00"
16094;30;0;"2017-05-31 18:32:00"
16095;30;0;"2017-05-31 18:32:00"
16096;30;0;"2017-05-31 18:32:00"
16097;30;0;"2017-05-31 18:32:00"
16098;30;0;"2017-05-31 18:32:00"
16099;30;0;"2017-05-31 18:32:00"
16100;30;0;"2017-05-31 18:32:00"
16101;30;0;"2017-05-31 18:32:00"
16102;30;0;"2017-05-31 18:32:00"
16103;30;0;"2017-05-31 18:32:00"
16104;30;0;"2017-05-31 18:32:00"
16105;30;0;"2017-05-31 18:32:00"
16106;30;0;"2017-05-31 18:32:00"
16107;30;0;"2017-05-31 18:32:00"
16108;30;0;"2017-05-31 18:32:00"
16109;30;0;"2017-05-31 18:32:00"
16110;30;0;"2017-05-31 18:32:00"
16111;30;0;"2017-05-31 18:32:00"
16112;30;0;"2017-05-31 18:32:00"
16113;30;0;"2017-05-31 18:32:00"
16114;30;0;"2017-05-31 18:32:00"
16115;30;0;"2017-05-31 18:32:00"
16116;30;0;"2017-05-31 18:32:00"
16117;30;0;"2017-05-31 18:32:00"
16118;30;0;"2017-05-31 18:32:00"
16119;30;0;"2017-05-31 18:32:00"
16120;30;0;"2017-05-31 18:32:00"
16121;30;0;"2017-05-31 18:32:00"
16122;30;0;"2017-05-31 18:32:00"
16123;30;0;"2017-05-31 18:32:00"
16124;30;0;"2017-05-31 18:32:00"
16125;30;0;"2017-05-31 18:32:00"
16126;30;0;"2017-05-31 18:32:00"
16127;30;0;"2017-05-31 18:32:00"
16128;30;0;"2017-05-31 18:32:00"
16129;30;0;"2017-05-31 18:32:00"
16130;30;0;"2017-05-31 18:32:00"
16131;30;0;"2017-05-31 18:32:00"
16132;30;0;"2017-05-31 18:32:00"
16133;30;0;"2017-05-31 18:32:00"
16134;30;0;"2017-05-31 18:32:00"
16135;30;0;"2017-05-31 18:32:00"
16136;30;0;"2017-05-31 18:32:00"
16137;30;0;"2017-05-31 18:32:00"
16138;30;0;"2017-05-31 18:32:00"
16139;30;0;"2017-05-31 18:32:00"
16140;30;0;"2017-05-31 18:32:00"
16141;30;0;"2017-05-31 18:32:00"
16142;30;0;"2017-05-31 18:32:00"
16143;30;0;"2017-05-31 18:32:00"
16144;30;0;"2017-05-31 18:32:00"
16145;30;0;"2017-05-31 18:32:00"
16146;30;0;"2017-05-31 18:32:00"
16147;30;0;"2017-05-31 18:32:00"
16148;30;0;"2017-05-31 18:32:00"
16149;30;0;"2017-05-31 18:32:00"
16150;30;0;"2017-05-31 18:32:00"
16151;30;0;"2017-05-31 18:32:00"
16152;30;0;"2017-05-31 18:32:00"
16153;30;0;"2017-05-31 18:32:00"
16154;30;0;"2017-05-31 18:32:00"
16155;30;0;"2017-05-31 18:32:00"
16156;30;0;"2017-05-31 18:32:00"
16157;30;0;"2017-05-31 18:32:00"
16158;30;0;"2017-05-31 18:32:00"
16159;30;0;"2017-05-31 18:32:00"
16160;30;0;"2017-05-31 18:32:00"
16161;30;0;"2017-05-31 18:32:00"
16162;30;0;"2017-05-31 18:32:00"
16163;30;0;"2017-05-31 18:32:00"
16164;30;0;"2017-05-31 18:32:00"
16165;30;0;"2017-05-31 18:32:00"
16166;30;0;"2017-05-31 18:32:00"
16167;30;0;"2017-05-31 18:32:00"
16168;30;0;"2017-05-31 18:32:00"
16169;30;0;"2017-05-31 18:32:00"
16170;30;0;"2017-05-31 18:32:00"
16171;30;0;"2017-05-31 18:32:00"
16172;30;0;"2017-05-31 18:32:00"
16173;30;0;"2017-05-31 18:32:00"
16174;30;0;"2017-05-31 18:32:00"
16175;30;0;"2017-05-31 18:32:00"
16176;30;0;"2017-05-31 18:32:00"
16177;30;0;"2017-05-31 18:32:00"
16178;30;0;"2017-05-31 18:32:00"
16179;30;0;"2017-05-31 18:32:00"
16180;30;0;"2017-05-31 18:32:00"
16181;30;0;"2017-05-31 18:32:00"
16182;30;0;"2017-05-31 18:32:00"
16183;30;0;"2017-05-31 18:32:00"
16184;30;0;"2017-05-31 18:32:00"
16185;30;0;"2017-05-31 18:32:00"
16186;30;0;"2017-05-31 18:32:00"
16187;30;0;"2017-05-31 18:32:00"
16188;30;0;"2017-05-31 18:32:00"
16189;30;0;"2017-05-31 18:32:00"
16190;30;0;"2017-05-31 18:32:00"
16191;30;0;"2017-05-31 18:32:00"
16192;30;0;"2017-05-31 18:32:00"
16193;30;0;"2017-05-31 18:32:00"
16194;30;0;"2017-05-31 18:32:00"
16195;30;0;"2017-05-31 18:32:00"
16196;30;0;"2017-05-31 18:32:00"
16197;30;0;"2017-05-31 18:32:00"
16198;30;0;"2017-05-31 18:32:00"
16199;30;0;"2017-05-31 18:32:00"
16200;30;0;"2017-05-31 18:32:00"
16201;30;0;"2017-05-31 18:32:00"
16202;30;0;"2017-05-31 18:32:00"
16203;30;0;"2017-05-31 18:32:00"
16204;30;0;"2017-05-31 18:32:00"
16205;30;0;"2017-05-31 18:32:00"
16206;30;0;"2017-05-31 18:32:00"
16207;30;0;"2017-05-31 18:32:00"
16208;30;0;"2017-05-31 18:32:00"
16209;30;0;"2017-05-31 18:32:00"
16210;30;0;"2017-05-31 18:32:00"
16211;30;0;"2017-05-31 18:32:00"
16212;30;0;"2017-05-31 18:32:00"
16213;30;0;"2017-05-31 18:32:00"
16214;30;0;"2017-05-31 18:32:00"
16215;30;0;"2017-05-31 18:32:00"
16216;30;0;"2017-05-31 18:32:00"
16217;30;0;"2017-05-31 18:32:00"
16218;30;0;"2017-05-31 18:32:00"
16219;30;0;"2017-05-31 18:32:00"
16220;30;0;"2017-05-31 18:32:00"
16221;30;0;"2017-05-31 18:32:00"
16222;30;0;"2017-05-31 18:32:00"
16223;30;0;"2017-05-31 18:32:00"
16224;30;0;"2017-05-31 18:32:00"
16225;30;0;"2017-05-31 18:32:00"
16226;30;0;"2017-05-31 18:32:00"
16227;30;0;"2017-05-31 18:32:00"
16228;30;0;"2017-05-31 18:32:00"
16229;30;0;"2017-05-31 18:32:00"
16230;30;0;"2017-05-31 18:32:00"
16231;30;0;"2017-05-31 18:32:00"
16232;30;0;"2017-05-31 18:32:00"
16233;30;0;"2017-05-31 18:32:00"
16234;30;0;"2017-05-31 18:32:00"
16235;30;0;"2017-05-31 18:32:00"
16236;30;0;"2017-05-31 18:32:00"
16237;30;0;"2017-05-31 18:32:00"
16238;30;0;"2017-05-31 18:32:00"
16239;30;0;"2017-05-31 18:32:00"
16240;30;0;"2017-05-31 18:32:00"
16241;30;0;"2017-05-31 18:32:00"
16242;30;0;"2017-05-31 18:32:00"
16243;30;0;"2017-05-31 18:32:00"
16244;30;0;"2017-05-31 18:32:00"
16245;30;0;"2017-05-31 18:32:00"
16246;30;0;"2017-05-31 18:32:00"
16247;30;0;"2017-05-31 18:32:00"
16248;30;0;"2017-05-31 18:32:00"
16249;30;0;"2017-05-31 18:32:00"
16250;30;0;"2017-05-31 18:32:00"
16251;30;0;"2017-05-31 18:32:00"
16252;30;0;"2017-05-31 18:32:00"
16253;30;0;"2017-05-31 18:32:00"
16254;30;0;"2017-05-31 18:32:00"
16255;30;0;"2017-05-31 18:32:00"
16256;30;0;"2017-05-31 18:32:00"
16257;30;0;"2017-05-31 18:32:00"
16258;30;0;"2017-05-31 18:32:00"
16259;30;0;"2017-05-31 18:32:00"
16260;30;0;"2017-05-31 18:32:00"
16261;30;0;"2017-05-31 18:32:00"
16262;30;0;"2017-05-31 18:32:00"
16263;30;0;"2017-05-31 18:32:00"
16264;30;0;"2017-05-31 18:32:00"
16265;30;0;"2017-05-31 18:32:00"
16266;30;0;"2017-05-31 18:32:00"
16267;30;0;"2017-05-31 18:32:00"
16268;30;0;"2017-05-31 18:32:00"
16269;30;0;"2017-05-31 18:32:00"
16270;30;0;"2017-05-31 18:32:00"
16271;30;0;"2017-05-31 18:32:00"
16272;30;0;"2017-05-31 18:32:00"
16273;30;0;"2017-05-31 18:32:00"
16274;30;0;"2017-05-31 18:32:00"
16275;30;0;"2017-05-31 18:32:00"
16276;30;0;"2017-05-31 18:32:00"
16277;30;0;"2017-05-31 18:32:00"
16278;30;0;"2017-05-31 18:32:00"
16279;30;0;"2017-05-31 18:32:00"
16280;30;0;"2017-05-31 18:32:00"
16281;30;0;"2017-05-31 18:32:00"
16282;30;0;"2017-05-31 18:32:00"
16283;30;0;"2017-05-31 18:32:00"
16284;30;0;"2017-05-31 18:32:00"
16285;30;0;"2017-05-31 18:32:00"
16286;30;0;"2017-05-31 18:32:00"
16287;30;0;"2017-05-31 18:32:00"
16288;30;0;"2017-05-31 18:32:00"
16289;30;0;"2017-05-31 18:32:00"
16290;30;0;"2017-05-31 18:32:00"
16291;30;0;"2017-05-31 18:32:00"
16292;30;0;"2017-05-31 18:32:00"
16293;30;0;"2017-05-31 18:32:00"
16294;30;0;"2017-05-31 18:32:00"
16295;30;0;"2017-05-31 18:32:00"
16296;30;0;"2017-05-31 18:32:00"
16297;30;0;"2017-05-31 18:32:00"
16298;30;0;"2017-05-31 18:32:00"
16299;30;0;"2017-05-31 18:32:00"
16300;30;0;"2017-05-31 18:32:00"
16301;30;0;"2017-05-31 18:32:00"
16302;30;0;"2017-05-31 18:32:00"
16303;30;0;"2017-05-31 18:32:00"
16304;30;0;"2017-05-31 18:32:00"
16305;30;0;"2017-05-31 18:32:00"
16306;30;0;"2017-05-31 18:32:00"
16307;30;0;"2017-05-31 18:32:00"
16308;30;0;"2017-05-31 18:32:00"
16309;30;0;"2017-05-31 18:32:00"
16310;30;0;"2017-05-31 18:32:00"
16311;30;0;"2017-05-31 18:32:00"
16312;30;0;"2017-05-31 18:32:00"
16313;30;0;"2017-05-31 18:32:00"
16314;30;0;"2017-05-31 18:32:00"
16315;30;0;"2017-05-31 18:32:00"
16316;30;0;"2017-05-31 18:32:00"
16317;30;0;"2017-05-31 18:32:00"
16318;30;0;"2017-05-31 18:32:00"
16319;30;0;"2017-05-31 18:32:00"
16320;30;0;"2017-05-31 18:32:00"
16321;30;0;"2017-05-31 18:32:00"
16322;30;0;"2017-05-31 18:32:00"
16323;30;0;"2017-05-31 18:32:00"
16324;30;0;"2017-05-31 18:32:00"
16325;30;0;"2017-05-31 18:32:00"
16326;30;0;"2017-05-31 18:32:00"
16327;30;0;"2017-05-31 18:32:00"
16328;30;0;"2017-05-31 18:32:00"
16329;30;0;"2017-05-31 18:32:00"
16330;30;0;"2017-05-31 18:32:00"
16331;30;0;"2017-05-31 18:32:00"
16332;30;0;"2017-05-31 18:32:00"
16333;30;0;"2017-05-31 18:32:00"
16334;30;0;"2017-05-31 18:32:00"
16335;30;0;"2017-05-31 18:32:00"
16336;30;0;"2017-05-31 18:32:00"
16337;30;0;"2017-05-31 18:32:00"
16338;30;0;"2017-05-31 18:32:00"
16339;30;0;"2017-05-31 18:32:00"
16340;30;0;"2017-05-31 18:32:00"
16341;30;0;"2017-05-31 18:32:00"
16342;30;0;"2017-05-31 18:32:00"
16343;30;0;"2017-05-31 18:32:00"
16344;30;0;"2017-05-31 18:32:00"
16345;30;0;"2017-05-31 18:32:00"
16346;30;0;"2017-05-31 18:32:00"
16347;30;0;"2017-05-31 18:32:00"
16348;30;0;"2017-05-31 18:32:00"
16349;30;0;"2017-05-31 18:32:00"
16350;30;0;"2017-05-31 18:32:00"
16351;30;0;"2017-05-31 18:32:00"
16352;30;0;"2017-05-31 18:32:00"
16353;30;0;"2017-05-31 18:32:00"
16354;30;0;"2017-05-31 18:32:00"
16355;30;0;"2017-05-31 18:32:00"
16356;30;0;"2017-05-31 18:32:00"
16357;30;0;"2017-05-31 18:32:00"
16358;30;0;"2017-05-31 18:32:00"
16359;30;0;"2017-05-31 18:32:00"
16360;30;0;"2017-05-31 18:32:00"
16361;30;0;"2017-05-31 18:32:00"
16362;30;0;"2017-05-31 18:32:00"
16363;30;0;"2017-05-31 18:32:00"
16364;30;0;"2017-05-31 18:32:00"
16365;30;0;"2017-05-31 18:32:00"
16366;30;0;"2017-05-31 18:32:00"
16367;30;0;"2017-05-31 18:32:00"
16368;30;0;"2017-05-31 18:32:00"
16369;30;0;"2017-05-31 18:32:00"
16370;30;0;"2017-05-31 18:32:00"
16371;30;0;"2017-05-31 18:32:00"
16372;30;0;"2017-05-31 18:32:00"
16373;30;0;"2017-05-31 18:32:00"
16374;30;0;"2017-05-31 18:32:00"
16375;30;0;"2017-05-31 18:32:00"
16376;30;0;"2017-05-31 18:32:00"
16377;30;0;"2017-05-31 18:32:00"
16378;30;0;"2017-05-31 18:32:00"
16379;30;0;"2017-05-31 18:32:00"
16380;30;0;"2017-05-31 18:32:00"
16381;30;0;"2017-05-31 18:32:00"
16382;30;0;"2017-05-31 18:32:00"
16383;30;0;"2017-05-31 18:32:00"
16384;30;0;"2017-05-31 18:32:00"
16385;30;0;"2017-05-31 18:32:00"
16386;30;0;"2017-05-31 18:32:00"
16387;30;0;"2017-05-31 18:32:00"
16388;30;0;"2017-05-31 18:32:00"
16389;30;0;"2017-05-31 18:32:00"
16390;30;0;"2017-05-31 18:32:00"
16391;30;0;"2017-05-31 18:32:00"
16392;30;0;"2017-05-31 18:32:00"
16393;30;0;"2017-05-31 18:32:00"
16394;30;0;"2017-05-31 18:32:00"
16395;30;0;"2017-05-31 18:32:00"
16396;30;0;"2017-05-31 18:32:00"
16397;30;0;"2017-05-31 18:32:00"
16398;30;0;"2017-05-31 18:32:00"
16399;30;0;"2017-05-31 18:32:00"
16400;30;0;"2017-05-31 18:32:00"
16401;30;0;"2017-05-31 18:32:00"
16402;30;0;"2017-05-31 18:32:00"
16403;30;0;"2017-05-31 18:32:00"
16404;30;0;"2017-05-31 18:32:00"
16405;30;0;"2017-05-31 18:32:00"
16406;30;0;"2017-05-31 18:32:00"
16407;30;0;"2017-05-31 18:32:00"
16408;30;0;"2017-05-31 18:32:00"
16409;30;0;"2017-05-31 18:32:00"
16410;30;0;"2017-05-31 18:32:00"
16411;30;0;"2017-05-31 18:32:00"
16412;30;0;"2017-05-31 18:32:00"
16413;30;0;"2017-05-31 18:32:00"
16414;30;0;"2017-05-31 18:32:00"
16415;30;0;"2017-05-31 18:32:00"
16416;30;0;"2017-05-31 18:32:00"
16417;30;0;"2017-05-31 18:32:00"
16418;30;0;"2017-05-31 18:32:00"
16419;30;0;"2017-05-31 18:32:00"
16420;30;0;"2017-05-31 18:32:00"
16421;30;0;"2017-05-31 18:32:00"
16422;30;0;"2017-05-31 18:32:00"
16423;30;0;"2017-05-31 18:32:00"
16424;30;0;"2017-05-31 18:32:00"
16425;30;0;"2017-05-31 18:32:00"
16426;30;0;"2017-05-31 18:32:00"
16427;30;0;"2017-05-31 18:32:00"
16428;30;0;"2017-05-31 18:32:00"
16429;30;0;"2017-05-31 18:32:00"
16430;30;0;"2017-05-31 18:32:00"
16431;30;0;"2017-05-31 18:32:00"
16432;30;0;"2017-05-31 18:32:00"
16433;30;0;"2017-05-31 18:32:00"
16434;30;0;"2017-05-31 18:32:00"
16435;30;0;"2017-05-31 18:32:00"
16436;30;0;"2017-05-31 18:32:00"
16437;30;0;"2017-05-31 18:32:00"
16438;30;0;"2017-05-31 18:32:00"
16439;30;0;"2017-05-31 18:32:00"
16440;30;0;"2017-05-31 18:32:00"
16441;30;0;"2017-05-31 18:32:00"
16442;30;0;"2017-05-31 18:32:00"
16443;30;0;"2017-05-31 18:32:00"
16444;30;0;"2017-05-31 18:32:00"
16445;30;0;"2017-05-31 18:32:00"
16446;30;0;"2017-05-31 18:32:00"
16447;30;0;"2017-05-31 18:32:00"
16448;30;0;"2017-05-31 18:32:00"
16449;30;0;"2017-05-31 18:32:00"
16450;30;0;"2017-05-31 18:32:00"
16451;30;0;"2017-05-31 18:32:00"
16452;30;0;"2017-05-31 18:32:00"
16453;30;0;"2017-05-31 18:32:00"
16454;30;0;"2017-05-31 18:32:00"
16455;30;0;"2017-05-31 18:32:00"
16456;30;0;"2017-05-31 18:32:00"
16457;30;0;"2017-05-31 18:32:00"
16458;30;0;"2017-05-31 18:32:00"
16459;30;0;"2017-05-31 18:32:00"
16460;30;0;"2017-05-31 18:32:00"
16461;30;0;"2017-05-31 18:32:00"
16462;30;0;"2017-05-31 18:32:00"
16463;30;0;"2017-05-31 18:32:00"
16464;30;0;"2017-05-31 18:32:00"
16465;30;0;"2017-05-31 18:32:00"
16466;30;0;"2017-05-31 18:32:00"
16467;30;0;"2017-05-31 18:32:00"
16468;30;0;"2017-05-31 18:32:00"
16469;30;0;"2017-05-31 18:32:00"
16470;30;0;"2017-05-31 18:32:00"
16471;30;0;"2017-05-31 18:32:00"
16472;30;0;"2017-05-31 18:32:00"
16473;30;0;"2017-05-31 18:32:00"
16474;30;0;"2017-05-31 18:32:00"
16475;30;0;"2017-05-31 18:32:00"
16476;30;0;"2017-05-31 18:32:00"
16477;30;0;"2017-05-31 18:32:00"
16478;30;0;"2017-05-31 18:32:00"
16479;30;0;"2017-05-31 18:32:00"
16480;30;0;"2017-05-31 18:32:00"
16481;30;0;"2017-05-31 18:32:00"
16482;30;0;"2017-05-31 18:32:00"
16483;30;0;"2017-05-31 18:32:00"
16484;30;0;"2017-05-31 18:32:00"
16485;30;0;"2017-05-31 18:32:00"
16486;30;0;"2017-05-31 18:32:00"
16487;30;0;"2017-05-31 18:32:00"
16488;30;0;"2017-05-31 18:32:00"
16489;30;0;"2017-05-31 18:32:00"
16490;30;0;"2017-05-31 18:32:00"
16491;30;0;"2017-05-31 18:32:00"
16492;30;0;"2017-05-31 18:32:00"
16493;30;0;"2017-05-31 18:32:00"
16494;30;0;"2017-05-31 18:32:00"
16495;30;0;"2017-05-31 18:32:00"
16496;30;0;"2017-05-31 18:32:00"
16497;30;0;"2017-05-31 18:32:00"
16498;30;0;"2017-05-31 18:32:00"
16499;30;0;"2017-05-31 18:32:00"
16500;30;0;"2017-05-31 18:32:00"
16501;30;0;"2017-05-31 18:32:00"
16502;30;0;"2017-05-31 18:32:00"
16503;30;0;"2017-05-31 18:32:00"
16504;30;0;"2017-05-31 18:32:00"
16505;30;0;"2017-05-31 18:32:00"
16506;30;0;"2017-05-31 18:32:00"
16507;30;0;"2017-05-31 18:32:00"
16508;30;0;"2017-05-31 18:32:00"
16509;30;0;"2017-05-31 18:32:00"
16510;30;0;"2017-05-31 18:32:00"
16511;30;0;"2017-05-31 18:32:00"
16512;30;0;"2017-05-31 18:32:00"
16513;30;0;"2017-05-31 18:32:00"
16514;30;0;"2017-05-31 18:32:00"
16515;30;0;"2017-05-31 18:32:00"
16516;30;0;"2017-05-31 18:32:00"
16517;30;0;"2017-05-31 18:32:00"
16518;30;0;"2017-05-31 18:32:00"
16519;30;0;"2017-05-31 18:32:00"
16520;30;0;"2017-05-31 18:32:00"
16521;30;0;"2017-05-31 18:32:00"
16522;30;0;"2017-05-31 18:32:00"
16523;30;0;"2017-05-31 18:32:00"
16524;30;0;"2017-05-31 18:32:00"
16525;30;0;"2017-05-31 18:32:00"
16526;30;0;"2017-05-31 18:32:00"
16527;30;0;"2017-05-31 18:32:00"
16528;30;0;"2017-05-31 18:32:00"
16529;30;0;"2017-05-31 18:32:00"
16530;30;0;"2017-05-31 18:32:00"
16531;30;0;"2017-05-31 18:32:00"
16532;30;0;"2017-05-31 18:32:00"
16533;30;0;"2017-05-31 18:32:00"
16534;30;0;"2017-05-31 18:32:00"
16535;30;0;"2017-05-31 18:32:00"
16536;30;0;"2017-05-31 18:32:00"
16537;30;0;"2017-05-31 18:32:00"
16538;30;0;"2017-05-31 18:32:00"
16539;30;0;"2017-05-31 18:32:00"
16540;30;0;"2017-05-31 18:32:00"
16541;30;0;"2017-05-31 18:32:00"
16542;30;0;"2017-05-31 18:32:00"
16543;30;0;"2017-05-31 18:32:00"
16544;30;0;"2017-05-31 18:32:00"
16545;30;0;"2017-05-31 18:32:00"
16546;30;0;"2017-05-31 18:32:00"
16547;30;0;"2017-05-31 18:32:00"
16548;30;0;"2017-05-31 18:32:00"
16549;30;0;"2017-05-31 18:32:00"
16550;30;0;"2017-05-31 18:32:00"
16551;30;0;"2017-05-31 18:32:00"
16552;30;0;"2017-05-31 18:32:00"
16553;30;0;"2017-05-31 18:32:00"
16554;30;0;"2017-05-31 18:32:00"
16555;30;0;"2017-05-31 18:32:00"
16556;30;0;"2017-05-31 18:32:00"
16557;30;0;"2017-05-31 18:32:00"
16558;30;0;"2017-05-31 18:32:00"
16559;30;0;"2017-05-31 18:32:00"
16560;30;0;"2017-05-31 18:32:00"
16561;30;0;"2017-05-31 18:32:00"
16562;30;0;"2017-05-31 18:32:00"
16563;30;0;"2017-05-31 18:32:00"
16564;30;0;"2017-05-31 18:32:00"
16565;30;0;"2017-05-31 18:32:00"
16566;30;0;"2017-05-31 18:32:00"
16567;30;0;"2017-05-31 18:32:00"
16568;30;0;"2017-05-31 18:32:00"
16569;30;0;"2017-05-31 18:32:00"
16570;30;0;"2017-05-31 18:32:00"
16571;30;0;"2017-05-31 18:32:00"
16572;30;0;"2017-05-31 18:32:00"
16573;30;0;"2017-05-31 18:32:00"
16574;30;0;"2017-05-31 18:32:00"
16575;30;0;"2017-05-31 18:32:00"
16576;30;0;"2017-05-31 18:32:00"
16577;30;0;"2017-05-31 18:32:00"
16578;30;0;"2017-05-31 18:32:00"
16579;30;0;"2017-05-31 18:32:00"
16580;30;0;"2017-05-31 18:32:00"
16581;30;0;"2017-05-31 18:32:00"
16582;30;0;"2017-05-31 18:32:00"
16583;30;0;"2017-05-31 18:32:00"
16584;30;0;"2017-05-31 18:32:00"
16585;30;0;"2017-05-31 18:32:00"
16586;30;0;"2017-05-31 18:32:00"
16587;30;0;"2017-05-31 18:32:00"
16588;30;0;"2017-05-31 18:32:00"
16589;30;0;"2017-05-31 18:32:00"
16590;30;0;"2017-05-31 18:32:00"
16591;30;0;"2017-05-31 18:32:00"
16592;30;0;"2017-05-31 18:32:00"
16593;30;0;"2017-05-31 18:32:00"
16594;30;0;"2017-05-31 18:32:00"
16595;30;0;"2017-05-31 18:32:00"
16596;30;0;"2017-05-31 18:32:00"
16597;30;0;"2017-05-31 18:32:00"
16598;30;0;"2017-05-31 18:32:00"
16599;30;0;"2017-05-31 18:32:00"
16600;30;0;"2017-05-31 18:32:00"
16601;30;0;"2017-05-31 18:32:00"
16602;30;0;"2017-05-31 18:32:00"
16603;30;0;"2017-05-31 18:32:00"
16604;30;0;"2017-05-31 18:32:00"
16605;30;0;"2017-05-31 18:32:00"
16606;30;0;"2017-05-31 18:32:00"
16607;30;0;"2017-05-31 18:32:00"
16608;30;0;"2017-05-31 18:32:00"
16609;30;0;"2017-05-31 18:32:00"
16610;30;0;"2017-05-31 18:32:00"
16611;30;0;"2017-05-31 18:32:00"
16612;30;0;"2017-05-31 18:32:00"
16613;30;0;"2017-05-31 18:32:00"
16614;30;0;"2017-05-31 18:32:00"
16615;30;0;"2017-05-31 18:32:00"
16616;30;0;"2017-05-31 18:32:00"
16617;30;0;"2017-05-31 18:32:00"
16618;30;0;"2017-05-31 18:32:00"
16619;30;0;"2017-05-31 18:32:00"
16620;30;0;"2017-05-31 18:32:00"
16621;30;0;"2017-05-31 18:32:00"
16622;30;0;"2017-05-31 18:32:00"
16623;30;0;"2017-05-31 18:32:00"
16624;30;0;"2017-05-31 18:32:00"
16625;30;0;"2017-05-31 18:32:00"
16626;30;0;"2017-05-31 18:32:00"
16627;30;0;"2017-05-31 18:32:00"
16628;30;0;"2017-05-31 18:32:00"
16629;30;0;"2017-05-31 18:32:00"
16630;30;0;"2017-05-31 18:32:00"
16631;30;0;"2017-05-31 18:32:00"
16632;30;0;"2017-05-31 18:32:00"
16633;30;0;"2017-05-31 18:32:00"
16634;30;0;"2017-05-31 18:32:00"
16635;30;0;"2017-05-31 18:32:00"
16636;30;0;"2017-05-31 18:32:00"
16637;30;0;"2017-05-31 18:32:00"
16638;30;0;"2017-05-31 18:32:00"
16639;30;0;"2017-05-31 18:32:00"
16640;30;0;"2017-05-31 18:32:00"
16641;30;0;"2017-05-31 18:32:00"
16642;30;0;"2017-05-31 18:32:00"
16643;30;0;"2017-05-31 18:32:00"
16644;30;0;"2017-05-31 18:32:00"
16645;30;0;"2017-05-31 18:32:00"
16646;30;0;"2017-05-31 18:32:00"
16647;30;0;"2017-05-31 18:32:00"
16648;30;0;"2017-05-31 18:32:00"
16649;30;0;"2017-05-31 18:32:00"
16650;30;0;"2017-05-31 18:32:00"
16651;30;0;"2017-05-31 18:32:00"
16652;30;0;"2017-05-31 18:32:00"
16653;30;0;"2017-05-31 18:32:00"
16654;30;0;"2017-05-31 18:32:00"
16655;30;0;"2017-05-31 18:32:00"
16656;30;0;"2017-05-31 18:32:00"
16657;30;0;"2017-05-31 18:32:00"
16658;30;0;"2017-05-31 18:32:00"
16659;30;0;"2017-05-31 18:32:00"
16660;30;0;"2017-05-31 18:32:00"
16661;30;0;"2017-05-31 18:32:00"
16662;30;0;"2017-05-31 18:32:00"
16663;30;0;"2017-05-31 18:32:00"
16664;30;0;"2017-05-31 18:32:00"
16665;30;0;"2017-05-31 18:32:00"
16666;30;0;"2017-05-31 18:41:50"
16667;30;0;"2017-05-31 18:32:00"
16668;30;0;"2017-05-31 18:32:00"
16669;30;0;"2017-05-31 18:32:00"
16670;30;0;"2017-05-31 18:32:00"
16671;30;0;"2017-05-31 18:32:00"
16672;30;0;"2017-05-31 18:32:00"
16673;30;0;"2017-05-31 18:32:00"
16674;30;0;"2017-05-31 18:32:00"
16675;30;0;"2017-05-31 18:32:00"
16676;30;0;"2017-05-31 18:32:00"
16677;30;0;"2017-05-31 18:32:00"
16678;30;0;"2017-05-31 18:32:00"
16679;30;0;"2017-05-31 18:32:00"
16680;30;0;"2017-05-31 18:32:00"
16681;30;0;"2017-05-31 18:32:00"
16682;30;0;"2017-05-31 18:32:00"
16683;30;0;"2017-05-31 18:32:00"
16684;30;0;"2017-05-31 18:32:00"
16685;30;0;"2017-05-31 18:32:00"
16686;30;0;"2017-05-31 18:32:00"
16687;30;0;"2017-05-31 18:32:00"
16688;30;0;"2017-05-31 18:32:00"
16689;30;0;"2017-05-31 18:32:00"
16690;30;0;"2017-05-31 18:32:00"
16691;30;0;"2017-05-31 18:32:00"
16692;30;0;"2017-05-31 18:32:00"
16693;30;0;"2017-05-31 18:32:00"
16694;30;0;"2017-05-31 18:32:00"
16695;30;0;"2017-05-31 18:32:00"
16696;30;0;"2017-05-31 18:32:00"
16697;30;0;"2017-05-31 18:32:00"
16698;30;0;"2017-05-31 18:32:00"
16699;30;0;"2017-05-31 18:32:00"
16700;30;0;"2017-05-31 18:32:00"
16701;30;0;"2017-05-31 18:32:00"
16702;30;0;"2017-05-31 18:32:00"
16703;30;0;"2017-05-31 18:32:00"
16704;30;0;"2017-05-31 18:32:00"
16705;30;0;"2017-05-31 18:32:00"
16706;30;0;"2017-05-31 18:32:00"
16707;30;0;"2017-05-31 18:32:00"
16708;30;0;"2017-05-31 18:32:00"
16709;30;0;"2017-05-31 18:32:00"
16710;30;0;"2017-05-31 18:32:00"
16711;30;0;"2017-05-31 18:32:00"
16712;30;0;"2017-05-31 18:32:00"
16713;30;0;"2017-05-31 18:32:00"
16714;30;0;"2017-05-31 18:32:00"
16715;30;0;"2017-05-31 18:32:00"
16716;30;0;"2017-05-31 18:32:00"
16717;30;0;"2017-05-31 18:32:00"
16718;30;0;"2017-05-31 18:32:00"
16719;30;0;"2017-05-31 18:32:00"
16720;30;0;"2017-05-31 18:32:00"
16721;30;0;"2017-05-31 18:32:00"
16722;30;0;"2017-05-31 18:32:00"
16723;30;0;"2017-05-31 18:32:00"
16724;30;0;"2017-05-31 18:32:00"
16725;30;0;"2017-05-31 18:32:00"
16726;30;0;"2017-05-31 18:32:00"
16727;30;0;"2017-05-31 18:32:00"
16728;30;0;"2017-05-31 18:32:00"
16729;30;0;"2017-05-31 18:32:00"
16730;30;0;"2017-05-31 18:32:00"
16731;30;0;"2017-05-31 18:32:00"
16732;30;0;"2017-05-31 18:32:00"
16733;30;0;"2017-05-31 18:32:00"
16734;30;0;"2017-05-31 18:32:00"
16735;30;0;"2017-05-31 18:32:00"
16736;30;0;"2017-05-31 18:32:00"
16737;30;0;"2017-05-31 18:32:00"
16738;30;0;"2017-05-31 18:32:00"
16739;30;0;"2017-05-31 18:32:00"
16740;30;0;"2017-05-31 18:32:00"
16741;30;0;"2017-05-31 18:32:00"
16742;30;0;"2017-05-31 18:32:00"
16743;30;0;"2017-05-31 18:32:00"
16744;30;0;"2017-05-31 18:32:00"
16745;30;0;"2017-05-31 18:32:00"
16746;30;0;"2017-05-31 18:32:00"
16747;30;0;"2017-05-31 18:32:00"
16748;30;0;"2017-05-31 18:32:00"
16749;30;0;"2017-05-31 18:32:00"
16750;30;0;"2017-05-31 18:32:00"
16751;30;0;"2017-05-31 18:32:00"
16752;30;0;"2017-05-31 18:32:00"
16753;30;0;"2017-05-31 18:32:00"
16754;30;0;"2017-05-31 18:32:00"
16755;30;0;"2017-05-31 18:32:00"
16756;30;0;"2017-05-31 18:32:00"
16757;30;0;"2017-05-31 18:32:00"
16758;30;0;"2017-05-31 18:32:00"
16759;30;0;"2017-05-31 18:32:00"
16760;30;0;"2017-05-31 18:32:00"
16761;30;0;"2017-05-31 18:32:00"
16762;30;0;"2017-05-31 18:32:00"
16763;30;0;"2017-05-31 18:32:00"
16764;30;0;"2017-05-31 18:32:00"
16765;30;0;"2017-05-31 18:32:00"
16766;30;0;"2017-05-31 18:32:00"
16767;30;0;"2017-05-31 18:32:00"
16768;30;0;"2017-05-31 18:32:00"
16769;30;0;"2017-05-31 18:32:00"
16770;30;0;"2017-05-31 18:32:00"
16771;30;0;"2017-05-31 18:32:00"
16772;30;0;"2017-05-31 18:32:00"
16773;30;0;"2017-05-31 18:32:00"
16774;30;0;"2017-05-31 18:32:00"
16775;30;0;"2017-05-31 18:32:00"
16776;30;0;"2017-05-31 18:32:00"
16777;30;0;"2017-05-31 18:32:00"
16778;30;0;"2017-05-31 18:32:00"
16779;30;0;"2017-05-31 18:32:00"
16780;30;0;"2017-05-31 18:32:00"
16781;30;0;"2017-05-31 18:32:00"
16782;30;0;"2017-05-31 18:32:00"
16783;30;0;"2017-05-31 18:32:00"
16784;30;0;"2017-05-31 18:32:00"
16785;30;0;"2017-05-31 18:32:00"
16786;30;0;"2017-05-31 18:32:00"
16787;30;0;"2017-05-31 18:32:00"
16788;30;0;"2017-05-31 18:32:00"
16789;30;0;"2017-05-31 18:32:00"
16790;30;0;"2017-05-31 18:32:00"
16791;30;0;"2017-05-31 18:32:00"
16792;30;0;"2017-05-31 18:32:00"
16793;30;0;"2017-05-31 18:32:00"
16794;30;0;"2017-05-31 18:32:00"
16795;30;0;"2017-05-31 18:32:00"
16796;30;0;"2017-05-31 18:32:00"
16797;30;0;"2017-05-31 18:32:00"
16798;30;0;"2017-05-31 18:32:00"
16799;30;0;"2017-05-31 18:32:00"
16800;30;0;"2017-05-31 18:32:00"
16801;30;0;"2017-05-31 18:32:00"
16802;30;0;"2017-05-31 18:32:00"
16803;30;0;"2017-05-31 18:32:00"
16804;30;0;"2017-05-31 18:32:00"
16805;30;0;"2017-05-31 18:32:00"
16806;30;0;"2017-05-31 18:32:00"
16807;30;0;"2017-05-31 18:32:00"
16808;30;0;"2017-05-31 18:32:00"
16809;30;0;"2017-05-31 18:32:00"
16810;30;0;"2017-05-31 18:32:00"
16811;30;0;"2017-05-31 18:32:00"
16812;30;0;"2017-05-31 18:32:00"
16813;30;0;"2017-05-31 18:32:00"
16814;30;0;"2017-05-31 18:32:00"
16815;30;0;"2017-05-31 18:32:00"
16816;30;0;"2017-05-31 18:32:00"
16817;30;0;"2017-05-31 18:32:00"
16818;30;0;"2017-05-31 18:32:00"
16819;30;0;"2017-05-31 18:32:00"
16820;30;0;"2017-05-31 18:32:00"
16821;30;0;"2017-05-31 18:32:00"
16822;30;0;"2017-05-31 18:32:00"
16823;30;0;"2017-05-31 18:32:00"
16824;30;0;"2017-05-31 18:32:00"
16825;30;0;"2017-05-31 18:32:00"
16826;30;0;"2017-05-31 18:32:00"
16827;30;0;"2017-05-31 18:32:00"
16828;30;0;"2017-05-31 18:32:00"
16829;30;0;"2017-05-31 18:32:00"
16830;30;0;"2017-05-31 18:32:00"
16831;30;0;"2017-05-31 18:32:00"
16832;30;0;"2017-05-31 18:32:00"
16833;30;0;"2017-05-31 18:32:00"
16834;30;0;"2017-05-31 18:32:00"
16835;30;0;"2017-05-31 18:32:00"
16836;30;0;"2017-05-31 18:32:00"
16837;30;0;"2017-05-31 18:32:00"
16838;30;0;"2017-05-31 18:32:00"
16839;30;0;"2017-05-31 18:32:00"
16840;30;0;"2017-05-31 18:32:00"
16841;30;0;"2017-05-31 18:32:00"
16842;30;0;"2017-05-31 18:32:00"
16843;30;0;"2017-05-31 18:32:00"
16844;30;0;"2017-05-31 18:32:00"
16845;30;0;"2017-05-31 18:32:00"
16846;30;0;"2017-05-31 18:32:00"
16847;30;0;"2017-05-31 18:32:00"
16848;30;0;"2017-05-31 18:32:00"
16849;30;0;"2017-05-31 18:32:00"
16850;30;0;"2017-05-31 18:32:00"
16851;30;0;"2017-05-31 18:32:00"
16852;30;0;"2017-05-31 18:32:00"
16853;30;0;"2017-05-31 18:32:00"
16854;30;0;"2017-05-31 18:32:00"
16855;30;0;"2017-05-31 18:32:00"
16856;30;0;"2017-05-31 18:32:00"
16857;30;0;"2017-05-31 18:32:00"
16858;30;0;"2017-05-31 18:32:00"
16859;30;0;"2017-05-31 18:32:00"
16860;30;0;"2017-05-31 18:32:00"
16861;30;0;"2017-05-31 18:32:00"
16862;30;0;"2017-05-31 18:32:00"
16863;30;0;"2017-05-31 18:32:00"
16864;30;0;"2017-05-31 18:32:00"
16865;30;0;"2017-05-31 18:32:00"
16866;30;0;"2017-05-31 18:32:00"
16867;30;0;"2017-05-31 18:32:00"
16868;30;0;"2017-05-31 18:32:00"
16869;30;0;"2017-05-31 18:32:00"
16870;30;0;"2017-05-31 18:32:00"
16871;30;0;"2017-05-31 18:32:00"
16872;30;0;"2017-05-31 18:32:00"
16873;30;0;"2017-05-31 18:32:00"
16874;30;0;"2017-05-31 18:32:00"
16875;30;0;"2017-05-31 18:32:00"
16876;30;0;"2017-05-31 18:32:00"
16877;30;0;"2017-05-31 18:32:00"
16878;30;0;"2017-05-31 18:32:00"
16879;30;0;"2017-05-31 18:32:00"
16880;30;0;"2017-05-31 18:32:00"
16881;30;0;"2017-05-31 18:32:00"
16882;30;0;"2017-05-31 18:32:00"
16883;30;0;"2017-05-31 18:32:00"
16884;30;0;"2017-05-31 18:32:00"
16885;30;0;"2017-05-31 18:32:00"
16886;30;0;"2017-05-31 18:32:00"
16887;30;0;"2017-05-31 18:32:00"
16888;30;0;"2017-05-31 18:32:00"
16889;30;0;"2017-05-31 18:32:00"
16890;30;0;"2017-05-31 18:32:00"
16891;30;0;"2017-05-31 18:32:00"
16892;30;0;"2017-05-31 18:32:00"
16893;30;0;"2017-05-31 18:32:00"
16894;30;0;"2017-05-31 18:32:00"
16895;30;0;"2017-05-31 18:32:00"
16896;30;0;"2017-05-31 18:32:00"
16897;30;0;"2017-05-31 18:32:00"
16898;30;0;"2017-05-31 18:32:00"
16899;30;0;"2017-05-31 18:32:00"
16900;30;0;"2017-05-31 18:32:00"
16901;30;0;"2017-05-31 18:32:00"
16902;30;0;"2017-05-31 18:32:00"
16903;30;0;"2017-05-31 18:32:00"
16904;30;0;"2017-05-31 18:32:00"
16905;30;0;"2017-05-31 18:32:00"
16906;30;0;"2017-05-31 18:32:00"
16907;30;0;"2017-05-31 18:32:00"
16908;30;0;"2017-05-31 18:32:00"
16909;30;0;"2017-05-31 18:32:00"
16910;30;0;"2017-05-31 18:32:00"
16911;30;0;"2017-05-31 18:32:00"
16912;30;0;"2017-05-31 18:32:00"
16913;30;0;"2017-05-31 18:32:00"
16914;30;0;"2017-05-31 18:32:00"
16915;30;0;"2017-05-31 18:32:00"
16916;30;0;"2017-05-31 18:32:00"
16917;30;0;"2017-05-31 18:32:00"
16918;30;0;"2017-05-31 18:32:00"
16919;30;0;"2017-05-31 18:32:00"
16920;30;0;"2017-05-31 18:32:00"
16921;30;0;"2017-05-31 18:32:00"
16922;30;0;"2017-05-31 18:32:00"
16923;30;0;"2017-05-31 18:32:00"
16924;30;0;"2017-05-31 18:32:00"
16925;30;0;"2017-05-31 18:32:00"
16926;30;0;"2017-05-31 18:32:00"
16927;30;0;"2017-05-31 18:32:00"
16928;30;0;"2017-05-31 18:32:00"
16929;30;0;"2017-05-31 18:32:00"
16930;30;0;"2017-05-31 18:32:00"
16931;30;0;"2017-05-31 18:32:00"
16932;30;0;"2017-05-31 18:32:00"
16933;30;0;"2017-05-31 18:32:00"
16934;30;0;"2017-05-31 18:32:00"
16935;30;0;"2017-05-31 18:32:00"
16936;30;0;"2017-05-31 18:32:00"
16937;30;0;"2017-05-31 18:32:00"
16938;30;0;"2017-05-31 18:32:00"
16939;30;0;"2017-05-31 18:32:00"
16940;30;0;"2017-05-31 18:32:00"
16941;30;0;"2017-05-31 18:32:00"
16942;30;0;"2017-05-31 18:32:00"
16943;30;0;"2017-05-31 18:32:00"
16944;30;0;"2017-05-31 18:32:00"
16945;30;0;"2017-05-31 18:32:00"
16946;30;0;"2017-05-31 18:32:00"
16947;30;0;"2017-05-31 18:32:00"
16948;30;0;"2017-05-31 18:32:00"
16949;30;0;"2017-05-31 18:32:00"
16950;30;0;"2017-05-31 18:32:00"
16951;30;0;"2017-05-31 18:32:00"
16952;30;0;"2017-05-31 18:32:00"
16953;30;0;"2017-05-31 18:32:00"
16954;30;0;"2017-05-31 18:32:00"
16955;30;0;"2017-05-31 18:32:00"
16956;30;0;"2017-05-31 18:32:00"
16957;30;0;"2017-05-31 18:32:00"
16958;30;0;"2017-05-31 18:32:00"
16959;30;0;"2017-05-31 18:32:00"
16960;30;0;"2017-05-31 18:32:00"
16961;30;0;"2017-05-31 18:32:00"
16962;30;0;"2017-05-31 18:32:00"
16963;30;0;"2017-05-31 18:32:00"
16964;30;0;"2017-05-31 18:32:00"
16965;30;0;"2017-05-31 18:32:00"
16966;30;0;"2017-05-31 18:32:00"
16967;30;0;"2017-05-31 18:32:00"
16968;30;0;"2017-05-31 18:32:00"
16969;30;0;"2017-05-31 18:32:00"
16970;30;0;"2017-05-31 18:32:00"
16971;30;0;"2017-05-31 18:32:00"
16972;30;0;"2017-05-31 18:32:00"
16973;30;0;"2017-05-31 18:32:00"
16974;30;0;"2017-05-31 18:32:00"
16975;30;0;"2017-05-31 18:32:00"
16976;30;0;"2017-05-31 18:32:00"
16977;30;0;"2017-05-31 18:32:00"
16978;30;0;"2017-05-31 18:32:00"
16979;30;0;"2017-05-31 18:32:00"
16980;30;0;"2017-05-31 18:32:00"
16981;30;0;"2017-05-31 18:32:00"
16982;30;0;"2017-05-31 18:32:00"
16983;30;0;"2017-05-31 18:32:00"
16984;30;0;"2017-05-31 18:32:00"
16985;30;0;"2017-05-31 18:32:00"
16986;30;0;"2017-05-31 18:32:00"
16987;30;0;"2017-05-31 18:32:00"
16988;30;0;"2017-05-31 18:32:00"
16989;30;0;"2017-05-31 18:32:00"
16990;30;0;"2017-05-31 18:32:00"
16991;30;0;"2017-05-31 18:32:00"
16992;30;0;"2017-05-31 18:32:00"
16993;30;0;"2017-05-31 18:32:00"
16994;30;0;"2017-05-31 18:32:00"
16995;30;0;"2017-05-31 18:32:00"
16996;30;0;"2017-05-31 18:32:00"
16997;30;0;"2017-05-31 18:32:00"
16998;30;0;"2017-05-31 18:32:00"
16999;30;0;"2017-05-31 18:32:00"
17000;30;0;"2017-05-31 18:32:00"
